contact_id,listing_id,contact_source,contact_timestamp
C-2001,DE-16790,organic,2025-02-11 01:00:00
C-2002,DE-14296,partner,2025-02-16 23:00:00
C-2003,DE-12665,paid,2024-06-19 19:00:00
C-2004,DE-15347,partner,2025-09-14 14:00:00
C-2005,DE-18425,partner,2024-07-04 12:00:00
C-2006,DE-19092,organic,2024-08-18 12:00:00
C-2007,DE-12016,organic,2025-09-10 14:00:00
C-2008,DE-12439,organic,2025-01-29 05:00:00
C-2009,DE-10520,organic,2024-07-26 05:00:00
C-2010,DE-10284,organic,2024-04-21 23:00:00
C-2011,DE-10394,organic,2024-08-29 07:00:00
C-2012,DE-19105,paid,2024-03-08 09:00:00
C-2013,DE-12584,paid,2024-10-08 16:00:00
C-2014,DE-19277,partner,2025-07-07 10:00:00
C-2015,DE-14152,paid,2024-03-02 07:00:00
C-2016,DE-19116,paid,2025-02-26 18:00:00
C-2017,DE-13654,paid,2024-11-15 23:00:00
C-2018,DE-12222,paid,2024-02-15 20:00:00
C-2019,DE-16562,organic,2025-03-29 13:00:00
C-2020,DE-11470,partner,2025-04-06 06:00:00
C-2021,DE-16119,organic,2024-10-17 23:00:00
C-2022,DE-17669,,2025-08-01 09:00:00
C-2023,DE-10958,,2025-07-16 08:00:00
C-2024,DE-19513,organic,2026-03-19 01:00:00
C-2025,DE-12938,paid,2025-10-28 11:00:00
C-2026,DE-16082,partner,2026-02-19 10:00:00
C-2027,DE-17058,partner,2026-02-23 16:00:00
C-2028,DE-13848,paid,2024-03-11 07:00:00
C-2029,DE-13841,organic,2025-02-19 02:00:00
C-2030,DE-9999,organic,2026-01-16 00:00:00
C-2031,DE-13360,paid,2025-06-03 14:00:00
C-2032,DE-14659,organic,2024-02-07 16:00:00
C-2033,DE-16965,partner,2024-10-02 20:00:00
C-2034,DE-11563,partner,2024-12-08 11:00:00
C-2035,DE-15931,partner,2025-05-24 03:00:00
C-2036,DE-12293,partner,2025-12-06 18:00:00
C-2037,DE-10126,partner,2024-03-18 04:00:00
C-2038,DE-17548,partner,2025-09-22 19:00:00
C-2039,DE-12273,paid,2025-12-11 03:00:00
C-2040,DE-19681,organic,2024-07-09 10:00:00
C-2041,DE-12063,organic,2024-11-22 08:00:00
C-2042,DE-11253,organic,2024-02-03 18:00:00
C-2043,DE-10130,partner,2025-08-27 14:00:00
C-2044,DE-15884,organic,2024-03-19 13:00:00
C-2045,DE-15824,partner,2024-11-19 18:00:00
C-2046,DE-16933,,2025-09-10 09:00:00
C-2047,DE-17456,paid,2025-01-03 15:00:00
C-2048,DE-14801,organic,2024-06-22 02:00:00
C-2049,DE-12955,paid,2026-03-14 15:00:00
C-2050,DE-17655,organic,2024-12-06 20:00:00
C-2051,DE-10564,paid,2026-03-12 21:00:00
C-2052,DE-15270,paid,2025-11-17 06:00:00
C-2053,DE-19774,organic,2025-02-10 12:00:00
C-2054,DE-15812,paid,2025-08-11 13:00:00
C-2055,DE-13459,organic,2024-10-25 09:00:00
C-2056,DE-16302,partner,2025-07-28 14:00:00
C-2057,DE-11479,paid,2025-10-03 17:00:00
C-2058,DE-9999,paid,2024-09-11 12:00:00
C-2059,DE-15225,partner,2025-04-28 09:00:00
C-2060,DE-15877,paid,2025-09-10 03:00:00
C-2061,DE-13261,partner,2024-06-05 17:00:00
C-2062,DE-10344,,2024-04-27 08:00:00
C-2063,DE-15206,organic,2024-06-15 20:00:00
C-2064,DE-10510,organic,2025-07-10 06:00:00
C-2065,DE-9999,paid,2025-06-03 14:00:00
C-2066,DE-13326,organic,2024-12-26 00:00:00
C-2067,DE-16809,partner,2025-02-08 04:00:00
C-2068,DE-18946,partner,2024-02-11 23:00:00
C-2069,DE-12698,paid,2025-07-12 06:00:00
C-2070,DE-18203,paid,2024-11-13 14:00:00
C-2071,DE-19970,partner,2024-10-14 05:00:00
C-2072,DE-11176,organic,2025-09-14 16:00:00
C-2073,DE-19201,partner,2024-08-25 16:00:00
C-2074,DE-17429,partner,2025-04-14 15:00:00
C-2075,DE-13074,paid,2025-06-18 02:00:00
C-2076,DE-9999,partner,2024-09-06 11:00:00
C-2077,DE-10486,paid,2024-12-15 00:00:00
C-2078,DE-15086,paid,2025-04-28 03:00:00
C-2079,DE-13328,partner,2024-10-25 09:00:00
C-2080,DE-11841,paid,2025-06-14 11:00:00
C-2081,DE-18614,partner,2025-08-19 16:00:00
C-2082,DE-14986,organic,2024-01-19 17:00:00
C-2083,DE-15942,paid,2024-05-14 03:00:00
C-2084,DE-17678,paid,2025-05-26 20:00:00
C-2085,DE-12581,paid,2025-06-19 23:00:00
C-2086,DE-16599,partner,2024-09-16 21:00:00
C-2087,DE-19609,partner,2025-11-22 10:00:00
C-2088,DE-13006,partner,2025-08-04 04:00:00
C-2089,DE-14253,organic,2025-02-26 17:00:00
C-2090,DE-17949,organic,2024-04-05 08:00:00
C-2091,DE-19066,organic,2025-11-22 13:00:00
C-2092,DE-14962,organic,2025-06-27 20:00:00
C-2093,DE-11854,partner,2024-04-11 20:00:00
C-2094,DE-18830,paid,2024-09-16 04:00:00
C-2095,DE-15262,organic,2024-07-02 06:00:00
C-2096,DE-10375,organic,2024-09-29 19:00:00
C-2097,DE-19288,organic,2025-08-23 06:00:00
C-2098,DE-16924,organic,2025-04-27 15:00:00
C-2099,DE-10516,organic,2024-06-29 08:00:00
C-2100,DE-13654,partner,2024-10-22 23:00:00
C-2101,DE-9999,partner,2025-07-05 18:00:00
C-2102,DE-10208,paid,2024-03-21 21:00:00
C-2103,DE-14051,partner,2024-11-07 21:00:00
C-2104,DE-17436,paid,2026-02-24 14:00:00
C-2105,DE-12120,partner,2024-03-18 23:00:00
C-2106,DE-17716,organic,2025-12-31 06:00:00
C-2107,DE-16712,paid,2025-05-14 04:00:00
C-2108,DE-13994,organic,2024-12-16 09:00:00
C-2109,DE-12563,organic,2025-05-26 15:00:00
C-2110,DE-17306,partner,2024-03-29 23:00:00
C-2111,DE-16509,paid,2025-06-11 12:00:00
C-2112,DE-18041,partner,2024-10-29 16:00:00
C-2113,DE-13985,partner,2025-01-03 06:00:00
C-2114,DE-15785,paid,2025-09-16 15:00:00
C-2115,DE-15535,partner,2024-09-27 00:00:00
C-2116,DE-18701,paid,2024-07-27 00:00:00
C-2117,DE-14512,organic,2025-08-15 04:00:00
C-2118,DE-16024,organic,2026-01-06 11:00:00
C-2119,DE-15644,organic,2024-05-31 03:00:00
C-2120,DE-10741,,2025-10-25 19:00:00
C-2121,DE-18620,partner,2025-04-11 06:00:00
C-2122,DE-11717,organic,2024-09-24 17:00:00
C-2123,DE-19957,organic,2024-10-25 04:00:00
C-2124,DE-10304,partner,2025-12-24 05:00:00
C-2125,DE-18722,partner,2025-09-19 03:00:00
C-2126,DE-17190,organic,2026-01-20 08:00:00
C-2127,DE-18183,organic,2026-01-07 11:00:00
C-2128,DE-15030,partner,2024-06-23 17:00:00
C-2129,DE-15808,paid,2025-06-24 01:00:00
C-2130,DE-12871,,2025-05-07 06:00:00
C-2131,DE-15139,organic,2025-05-03 21:00:00
C-2132,DE-12930,partner,2024-09-16 22:00:00
C-2133,DE-15629,organic,2025-04-14 17:00:00
C-2134,DE-12587,partner,2024-08-05 05:00:00
C-2135,DE-13544,partner,2025-06-09 16:00:00
C-2136,DE-15556,paid,2025-08-14 12:00:00
C-2137,DE-17944,organic,2025-04-04 17:00:00
C-2138,DE-10942,partner,2024-09-28 23:00:00
C-2139,DE-13349,paid,2025-08-24 18:00:00
C-2140,DE-13033,paid,2024-12-27 21:00:00
C-2141,DE-13193,paid,2025-10-17 11:00:00
C-2142,DE-19458,partner,2024-08-18 17:00:00
C-2143,DE-18135,paid,2025-09-06 08:00:00
C-2144,DE-9999,organic,2024-07-05 13:00:00
C-2145,DE-14312,organic,2024-05-09 09:00:00
C-2146,DE-11439,paid,2024-08-31 23:00:00
C-2147,DE-12560,partner,2024-04-21 06:00:00
C-2148,DE-17709,partner,2024-02-23 09:00:00
C-2149,DE-10172,paid,2024-05-19 05:00:00
C-2150,DE-16654,organic,2024-06-05 08:00:00
C-2151,DE-17404,partner,2024-04-19 02:00:00
C-2152,DE-11686,organic,2024-03-22 04:00:00
C-2153,DE-19150,paid,2024-06-24 20:00:00
C-2154,DE-11467,organic,2024-04-26 19:00:00
C-2155,DE-15308,,2024-11-07 08:00:00
C-2156,DE-18019,organic,2024-07-23 13:00:00
C-2157,DE-13417,paid,2025-08-09 00:00:00
C-2158,DE-14310,partner,2025-10-18 19:00:00
C-2159,DE-19377,paid,2025-10-11 11:00:00
C-2160,DE-15119,paid,2025-12-05 17:00:00
C-2161,DE-9999,organic,2025-01-03 03:00:00
C-2162,DE-10262,paid,2024-12-04 09:00:00
C-2163,DE-17946,paid,2024-03-02 00:00:00
C-2164,DE-9999,partner,2025-03-05 17:00:00
C-2165,DE-19634,partner,2025-04-29 02:00:00
C-2166,DE-19626,partner,2025-05-20 01:00:00
C-2167,DE-18729,organic,2025-08-06 01:00:00
C-2168,DE-11478,paid,2026-01-23 22:00:00
C-2169,DE-11642,paid,2024-08-20 21:00:00
C-2170,DE-12803,partner,2024-03-19 08:00:00
C-2171,DE-15719,organic,2025-11-15 09:00:00
C-2172,DE-17492,partner,2024-12-03 15:00:00
C-2173,DE-19188,partner,2026-03-01 00:00:00
C-2174,DE-15629,partner,2025-03-26 17:00:00
C-2175,DE-18260,,2026-01-02 06:00:00
C-2176,DE-14722,paid,2024-11-13 23:00:00
C-2177,DE-16679,partner,2024-09-08 00:00:00
C-2178,DE-10673,organic,2025-07-31 22:00:00
C-2179,DE-13589,organic,2024-08-23 15:00:00
C-2180,DE-12867,partner,2024-08-20 18:00:00
C-2181,DE-12115,paid,2024-03-24 15:00:00
C-2182,DE-16447,paid,2026-02-27 01:00:00
C-2183,DE-17829,paid,2024-07-11 00:00:00
C-2184,DE-18346,paid,2026-01-08 15:00:00
C-2185,DE-13597,organic,2024-06-06 07:00:00
C-2186,DE-10168,partner,2025-05-31 04:00:00
C-2187,DE-18550,paid,2026-03-06 13:00:00
C-2188,DE-12242,partner,2025-10-10 20:00:00
C-2189,DE-14117,paid,2024-07-14 04:00:00
C-2190,DE-14846,partner,2024-12-23 09:00:00
C-2191,DE-13175,organic,2025-08-14 04:00:00
C-2192,DE-12300,partner,2024-09-19 17:00:00
C-2193,DE-19138,paid,2026-03-27 06:00:00
C-2194,DE-15269,paid,2025-12-18 12:00:00
C-2195,DE-11706,organic,2025-12-04 20:00:00
C-2196,DE-17707,organic,2026-01-02 15:00:00
C-2197,DE-10231,paid,2025-12-03 19:00:00
C-2198,DE-19791,partner,2025-10-04 13:00:00
C-2199,DE-15192,partner,2025-02-08 10:00:00
C-2200,DE-11449,partner,2025-03-29 11:00:00
C-2201,DE-9999,organic,2026-02-03 01:00:00
C-2202,DE-17421,organic,2024-04-11 15:00:00
C-2203,DE-9999,paid,2024-07-24 17:00:00
C-2204,DE-14686,organic,2026-02-14 05:00:00
C-2205,DE-15144,partner,2025-05-31 22:00:00
C-2206,DE-19862,organic,2026-01-23 00:00:00
C-2207,DE-11051,partner,2024-03-20 18:00:00
C-2208,DE-16278,paid,2024-11-24 00:00:00
C-2209,DE-18967,paid,2024-07-31 10:00:00
C-2210,DE-9999,partner,2024-07-29 14:00:00
C-2211,DE-14128,paid,2024-10-27 17:00:00
C-2212,DE-16063,paid,2025-08-22 05:00:00
C-2213,DE-17892,partner,2024-08-11 03:00:00
C-2214,DE-10932,organic,2025-04-25 02:00:00
C-2215,DE-13431,paid,2024-05-13 10:00:00
C-2216,DE-11658,partner,2025-01-05 04:00:00
C-2217,DE-18420,organic,2024-02-28 08:00:00
C-2218,DE-14862,paid,2024-05-11 05:00:00
C-2219,DE-19631,organic,2024-06-20 13:00:00
C-2220,DE-13493,paid,2026-03-10 22:00:00
C-2221,DE-19930,organic,2026-02-14 18:00:00
C-2222,DE-17080,organic,2024-06-01 15:00:00
C-2223,DE-18112,organic,2025-04-16 17:00:00
C-2224,DE-11829,organic,2025-01-02 05:00:00
C-2225,DE-10531,organic,2025-11-01 21:00:00
C-2226,DE-18565,paid,2025-04-25 15:00:00
C-2227,DE-15283,paid,2025-04-12 03:00:00
C-2228,DE-18801,paid,2026-01-30 01:00:00
C-2229,DE-19317,organic,2026-03-28 19:00:00
C-2230,DE-11813,organic,2024-07-12 20:00:00
C-2231,DE-9999,paid,2026-03-09 09:00:00
C-2232,DE-16181,organic,2025-06-05 11:00:00
C-2233,DE-19821,organic,2025-03-29 03:00:00
C-2234,DE-14764,organic,2024-07-15 14:00:00
C-2235,DE-18901,paid,2024-09-21 10:00:00
C-2236,DE-12168,organic,2025-01-23 16:00:00
C-2237,DE-9999,paid,2024-09-19 11:00:00
C-2238,DE-15001,organic,2025-03-11 14:00:00
C-2239,DE-15057,partner,2024-03-19 06:00:00
C-2240,DE-12576,paid,2025-08-21 05:00:00
C-2241,DE-11851,organic,2024-11-22 02:00:00
C-2242,DE-10139,partner,2026-01-15 21:00:00
C-2243,DE-10460,organic,2025-05-12 11:00:00
C-2244,DE-15345,partner,2024-08-27 03:00:00
C-2245,DE-17090,partner,2024-05-13 11:00:00
C-2246,DE-9999,organic,2026-03-04 17:00:00
C-2247,DE-19202,organic,2026-03-28 04:00:00
C-2248,DE-17430,organic,2024-03-03 21:00:00
C-2249,DE-16533,partner,2025-10-31 02:00:00
C-2250,DE-13313,partner,2024-10-08 19:00:00
C-2251,DE-11725,partner,2025-11-13 17:00:00
C-2252,DE-10795,partner,2024-11-16 14:00:00
C-2253,DE-18613,partner,2024-07-28 16:00:00
C-2254,DE-13968,partner,2025-11-12 20:00:00
C-2255,DE-19389,paid,2025-12-16 16:00:00
C-2256,DE-18217,paid,2024-12-18 22:00:00
C-2257,DE-15515,paid,2025-12-23 20:00:00
C-2258,DE-16502,organic,2024-10-11 21:00:00
C-2259,DE-10351,organic,2024-03-11 19:00:00
C-2260,DE-17656,paid,2025-05-13 16:00:00
C-2261,DE-17526,paid,2025-10-26 15:00:00
C-2262,DE-9999,organic,2026-02-16 21:00:00
C-2263,DE-17318,paid,2025-01-22 05:00:00
C-2264,DE-14255,partner,2025-05-16 13:00:00
C-2265,DE-19670,paid,2026-01-21 07:00:00
C-2266,DE-15228,organic,2025-06-21 01:00:00
C-2267,DE-19030,paid,2025-11-10 12:00:00
C-2268,DE-13784,organic,2024-06-06 00:00:00
C-2269,DE-17938,paid,2025-06-28 12:00:00
C-2270,DE-15905,organic,2024-10-18 01:00:00
C-2271,DE-10440,paid,2025-12-02 07:00:00
C-2272,DE-11111,paid,2024-08-18 16:00:00
C-2273,DE-18621,,2024-10-31 23:00:00
C-2274,DE-10513,partner,2024-05-14 01:00:00
C-2275,DE-11664,organic,2025-03-18 14:00:00
C-2276,DE-14978,organic,2025-10-16 01:00:00
C-2277,DE-14719,organic,2024-06-26 05:00:00
C-2278,DE-14722,organic,2024-11-01 23:00:00
C-2279,DE-14488,organic,2026-01-15 12:00:00
C-2280,DE-15994,paid,2025-08-25 11:00:00
C-2281,DE-11557,organic,2026-02-27 03:00:00
C-2282,DE-18434,partner,2025-04-01 01:00:00
C-2283,DE-18554,organic,2026-03-06 09:00:00
C-2284,DE-16007,organic,2025-10-18 05:00:00
C-2285,DE-19119,paid,2026-01-10 08:00:00
C-2286,DE-18319,,2025-08-28 19:00:00
C-2287,DE-19436,partner,2024-04-03 02:00:00
C-2288,DE-15004,partner,2025-10-24 00:00:00
C-2289,DE-19538,paid,2024-04-06 17:00:00
C-2290,DE-17930,paid,2025-10-26 14:00:00
C-2291,DE-17562,organic,2025-11-19 15:00:00
C-2292,DE-10763,partner,2024-02-14 07:00:00
C-2293,DE-16759,paid,2024-12-07 15:00:00
C-2294,DE-10112,paid,2025-05-29 08:00:00
C-2295,DE-15836,organic,2024-05-30 20:00:00
C-2296,DE-15906,organic,2025-07-31 17:00:00
C-2297,DE-13007,paid,2026-02-09 01:00:00
C-2298,DE-9999,partner,2026-02-16 11:00:00
C-2299,DE-16733,organic,2025-01-05 03:00:00
C-2300,DE-11362,partner,2024-04-23 01:00:00
C-2301,DE-17877,partner,2025-01-27 01:00:00
C-2302,DE-14198,paid,2024-05-30 07:00:00
C-2303,DE-16610,paid,2025-10-03 18:00:00
C-2304,DE-18071,organic,2026-01-16 13:00:00
C-2305,DE-19528,partner,2025-10-15 09:00:00
C-2306,DE-14125,paid,2025-02-22 04:00:00
C-2307,DE-19662,partner,2026-03-23 12:00:00
C-2308,DE-11336,paid,2025-11-01 05:00:00
C-2309,DE-18709,organic,2024-11-27 00:00:00
C-2310,DE-13432,partner,2025-09-26 05:00:00
C-2311,DE-17370,paid,2024-03-04 12:00:00
C-2312,DE-10741,paid,2025-10-30 19:00:00
C-2313,DE-15524,organic,2025-06-10 03:00:00
C-2314,DE-11425,paid,2025-12-01 06:00:00
C-2315,DE-10976,paid,2024-03-18 21:00:00
C-2316,DE-14989,organic,2025-06-11 21:00:00
C-2317,DE-19549,partner,2026-01-30 13:00:00
C-2318,DE-19412,organic,2025-07-26 23:00:00
C-2319,DE-11371,paid,2024-07-12 22:00:00
C-2320,DE-12668,paid,2025-04-13 19:00:00
C-2321,DE-15702,paid,2024-07-22 00:00:00
C-2322,DE-19864,paid,2025-02-09 01:00:00
C-2323,DE-18162,partner,2025-03-26 14:00:00
C-2324,DE-19888,,2024-12-04 00:00:00
C-2325,DE-9999,paid,2025-12-02 19:00:00
C-2326,DE-17964,paid,2025-10-11 01:00:00
C-2327,DE-16029,organic,2024-05-31 10:00:00
C-2328,DE-14788,partner,2025-05-11 02:00:00
C-2329,DE-19942,organic,2025-06-22 12:00:00
C-2330,DE-16288,paid,2024-07-28 06:00:00
C-2331,DE-17994,organic,2024-12-02 11:00:00
C-2332,DE-10149,partner,2026-03-29 03:00:00
C-2333,DE-16595,partner,2026-02-12 07:00:00
C-2334,DE-14337,paid,2025-11-07 04:00:00
C-2335,DE-17390,organic,2024-07-22 03:00:00
C-2336,DE-12414,paid,2024-07-28 15:00:00
C-2337,DE-16263,paid,2025-08-09 09:00:00
C-2338,DE-9999,organic,2024-06-09 01:00:00
C-2339,DE-18875,paid,2025-01-13 06:00:00
C-2340,DE-19454,paid,2024-11-06 07:00:00
C-2341,DE-12381,paid,2024-10-22 00:00:00
C-2342,DE-18410,paid,2024-07-01 12:00:00
C-2343,DE-17893,paid,2024-11-24 03:00:00
C-2344,DE-17748,paid,2024-11-15 19:00:00
C-2345,DE-10315,organic,2024-07-19 06:00:00
C-2346,DE-14079,partner,2024-02-02 23:00:00
C-2347,DE-14450,organic,2026-01-28 06:00:00
C-2348,DE-15839,partner,2025-10-14 12:00:00
C-2349,DE-11307,organic,2025-10-04 01:00:00
C-2350,DE-17168,partner,2024-05-13 11:00:00
C-2351,DE-11536,organic,2025-04-17 06:00:00
C-2352,DE-10444,organic,2024-03-06 01:00:00
C-2353,DE-18218,partner,2024-12-28 02:00:00
C-2354,DE-11074,organic,2024-04-09 19:00:00
C-2355,DE-10569,paid,2025-03-12 09:00:00
C-2356,DE-12734,partner,2025-10-19 00:00:00
C-2357,DE-18274,paid,2024-05-08 17:00:00
C-2358,DE-15648,paid,2024-12-28 11:00:00
C-2359,DE-19315,paid,2024-11-14 07:00:00
C-2360,DE-15951,organic,2026-03-18 12:00:00
C-2361,DE-18466,partner,2024-07-12 23:00:00
C-2362,DE-15459,partner,2024-12-06 11:00:00
C-2363,DE-19106,partner,2025-09-27 08:00:00
C-2364,DE-10231,organic,2025-12-14 19:00:00
C-2365,DE-9999,organic,2025-01-28 04:00:00
C-2366,DE-11546,paid,2024-01-08 21:00:00
C-2367,DE-19739,paid,2024-05-16 01:00:00
C-2368,DE-12906,paid,2025-12-10 10:00:00
C-2369,DE-11073,partner,2024-10-13 19:00:00
C-2370,DE-17038,organic,2024-11-16 04:00:00
C-2371,DE-13259,paid,2024-07-07 15:00:00
C-2372,DE-19749,organic,2024-01-16 00:00:00
C-2373,DE-13378,paid,2024-03-25 10:00:00
C-2374,DE-16034,partner,2024-02-02 12:00:00
C-2375,DE-12501,partner,2024-08-25 07:00:00
C-2376,DE-12991,paid,2024-06-18 05:00:00
C-2377,DE-9999,partner,2024-11-18 03:00:00
C-2378,DE-18543,organic,2025-01-11 11:00:00
C-2379,DE-10190,partner,2024-02-25 09:00:00
C-2380,DE-14283,partner,2025-09-13 21:00:00
C-2381,DE-15696,paid,2024-11-28 07:00:00
C-2382,DE-13971,partner,2024-08-21 04:00:00
C-2383,DE-16735,partner,2024-10-23 00:00:00
C-2384,DE-11717,partner,2024-09-13 17:00:00
C-2385,DE-10757,partner,2024-12-23 17:00:00
C-2386,DE-11573,paid,2025-05-29 22:00:00
C-2387,DE-11882,organic,2024-01-16 18:00:00
C-2388,DE-16409,partner,2026-04-04 17:00:00
C-2389,DE-9999,organic,2026-02-16 06:00:00
C-2390,DE-19287,partner,2026-02-11 21:00:00
C-2391,DE-19931,organic,2025-09-11 14:00:00
C-2392,DE-10714,organic,2024-04-08 07:00:00
C-2393,DE-10409,partner,2025-06-22 18:00:00
C-2394,DE-13001,paid,2025-04-26 09:00:00
C-2395,DE-14006,paid,2024-05-09 11:00:00
C-2396,DE-13861,paid,2024-11-29 06:00:00
C-2397,DE-13212,organic,2025-05-15 15:00:00
C-2398,DE-14252,,2025-01-08 00:00:00
C-2399,DE-9999,partner,2026-01-23 02:00:00
C-2400,DE-11979,organic,2024-03-08 08:00:00
C-2401,DE-19600,partner,2024-11-26 06:00:00
C-2402,DE-16450,partner,2025-11-09 10:00:00
C-2403,DE-11377,organic,2025-04-08 22:00:00
C-2404,DE-19845,organic,2026-01-18 11:00:00
C-2405,DE-18922,organic,2024-04-13 08:00:00
C-2406,DE-13712,partner,2024-04-09 10:00:00
C-2407,DE-15512,partner,2025-08-20 18:00:00
C-2408,DE-14140,organic,2025-04-23 18:00:00
C-2409,DE-12889,organic,2026-03-05 18:00:00
C-2410,DE-10897,paid,2025-07-28 13:00:00
C-2411,DE-16964,organic,2026-02-21 13:00:00
C-2412,DE-18377,organic,2025-10-19 09:00:00
C-2413,DE-14898,paid,2024-12-14 23:00:00
C-2414,DE-16993,organic,2024-06-16 06:00:00
C-2415,DE-13571,,2024-12-26 18:00:00
C-2416,DE-19349,paid,2024-04-01 17:00:00
C-2417,DE-16224,organic,2026-03-27 12:00:00
C-2418,DE-11096,paid,2024-03-03 02:00:00
C-2419,DE-14904,organic,2024-08-03 10:00:00
C-2420,DE-11660,,2024-03-06 10:00:00
C-2421,DE-15969,paid,2025-08-06 07:00:00
C-2422,DE-16965,paid,2024-09-15 20:00:00
C-2423,DE-15605,partner,2024-07-30 02:00:00
C-2424,DE-16768,paid,2025-05-27 16:00:00
C-2425,DE-17002,partner,2024-10-08 07:00:00
C-2426,DE-16958,paid,2026-03-19 16:00:00
C-2427,DE-9999,paid,2025-08-06 15:00:00
C-2428,DE-17026,partner,2024-12-25 19:00:00
C-2429,DE-12294,partner,2025-12-15 20:00:00
C-2430,DE-17301,organic,2025-10-08 09:00:00
C-2431,DE-18710,paid,2025-10-13 18:00:00
C-2432,DE-10340,paid,2024-04-27 15:00:00
C-2433,DE-15788,paid,2024-09-07 06:00:00
C-2434,DE-18435,organic,2025-05-26 14:00:00
C-2435,DE-16633,,2025-06-18 01:00:00
C-2436,DE-13872,organic,2024-05-22 14:00:00
C-2437,DE-13282,paid,2025-09-05 12:00:00
C-2438,DE-18850,organic,2024-03-10 01:00:00
C-2439,DE-10140,partner,2026-02-14 19:00:00
C-2440,DE-12670,paid,2025-12-18 08:00:00
C-2441,DE-17717,partner,2025-05-27 01:00:00
C-2442,DE-11678,paid,2024-03-31 22:00:00
C-2443,DE-19010,organic,2024-07-02 22:00:00
C-2444,DE-19857,organic,2026-03-08 12:00:00
C-2445,DE-14499,paid,2024-07-17 13:00:00
C-2446,DE-10189,partner,2025-07-11 05:00:00
C-2447,DE-12749,organic,2025-12-17 15:00:00
C-2448,DE-15820,paid,2025-12-01 11:00:00
C-2449,DE-17522,organic,2024-07-19 18:00:00
C-2450,DE-16039,partner,2024-08-04 22:00:00
C-2451,DE-12178,partner,2025-01-27 18:00:00
C-2452,DE-12699,organic,2024-12-15 18:00:00
C-2453,DE-9999,paid,2024-05-04 04:00:00
C-2454,DE-19863,organic,2024-10-16 14:00:00
C-2455,DE-17016,partner,2024-12-27 00:00:00
C-2456,DE-10383,organic,2025-01-10 07:00:00
C-2457,DE-16366,partner,2024-05-12 16:00:00
C-2458,DE-16195,paid,2025-01-29 03:00:00
C-2459,DE-15389,paid,2026-01-01 22:00:00
C-2460,DE-19036,organic,2024-01-16 20:00:00
C-2461,DE-14387,partner,2025-01-10 18:00:00
C-2462,DE-19352,paid,2025-11-28 20:00:00
C-2463,DE-14048,organic,2025-11-03 03:00:00
C-2464,DE-14788,partner,2025-04-27 02:00:00
C-2465,DE-15449,organic,2025-01-11 23:00:00
C-2466,DE-13290,paid,2026-01-26 02:00:00
C-2467,DE-10170,paid,2024-12-16 20:00:00
C-2468,DE-17555,paid,2025-03-06 11:00:00
C-2469,DE-15694,partner,2026-02-26 12:00:00
C-2470,DE-19717,organic,2024-02-11 09:00:00
C-2471,DE-17887,organic,2024-02-13 02:00:00
C-2472,DE-19994,partner,2025-02-20 16:00:00
C-2473,DE-17147,organic,2024-02-05 16:00:00
C-2474,DE-19985,paid,2025-10-10 08:00:00
C-2475,DE-18678,paid,2026-03-13 08:00:00
C-2476,DE-18676,partner,2025-05-18 04:00:00
C-2477,DE-14610,organic,2024-06-24 13:00:00
C-2478,DE-10315,partner,2024-08-06 06:00:00
C-2479,DE-14692,paid,2025-06-23 12:00:00
C-2480,DE-16923,paid,2025-04-15 06:00:00
C-2481,DE-17166,paid,2025-03-23 17:00:00
C-2482,DE-18486,organic,2025-03-03 12:00:00
C-2483,DE-17016,organic,2024-12-14 00:00:00
C-2484,DE-18292,partner,2025-10-24 17:00:00
C-2485,DE-17491,organic,2024-03-23 10:00:00
C-2486,DE-10976,partner,2024-04-06 21:00:00
C-2487,DE-9999,organic,2025-08-23 17:00:00
C-2488,DE-17181,partner,2025-02-01 18:00:00
C-2489,DE-11335,paid,2025-06-19 14:00:00
C-2490,DE-19466,organic,2025-08-10 23:00:00
C-2491,DE-19274,partner,2024-04-30 13:00:00
C-2492,DE-14308,organic,2024-07-19 22:00:00
C-2493,DE-15892,organic,2024-06-23 13:00:00
C-2494,DE-13720,organic,2024-04-23 18:00:00
C-2495,DE-17824,paid,2025-03-02 05:00:00
C-2496,DE-18426,organic,2025-07-02 23:00:00
C-2497,DE-14124,paid,2024-02-18 23:00:00
C-2498,DE-16196,paid,2024-12-15 14:00:00
C-2499,DE-17052,organic,2024-09-13 10:00:00
C-2500,DE-10513,,2024-05-09 01:00:00
C-2501,DE-16232,paid,2025-08-11 19:00:00
C-2502,DE-13817,organic,2024-04-18 08:00:00
C-2503,DE-19205,paid,2025-04-09 06:00:00
C-2504,DE-11273,organic,2025-09-23 06:00:00
C-2505,DE-11465,partner,2024-08-06 15:00:00
C-2506,DE-12834,partner,2024-09-23 06:00:00
C-2507,DE-16193,paid,2024-05-10 06:00:00
C-2508,DE-14822,,2025-12-17 21:00:00
C-2509,DE-15772,partner,2025-06-30 10:00:00
C-2510,DE-16499,organic,2024-02-10 21:00:00
C-2511,DE-16334,partner,2025-03-28 22:00:00
C-2512,DE-17039,organic,2024-06-01 09:00:00
C-2513,DE-18518,partner,2024-08-20 10:00:00
C-2514,DE-19630,partner,2024-09-05 18:00:00
C-2515,DE-17543,partner,2025-01-23 15:00:00
C-2516,DE-11423,partner,2025-08-20 21:00:00
C-2517,DE-14587,paid,2024-08-04 06:00:00
C-2518,DE-10659,partner,2025-04-10 15:00:00
C-2519,DE-16280,partner,2025-08-16 10:00:00
C-2520,DE-15086,organic,2025-04-20 03:00:00
C-2521,DE-18526,paid,2024-11-19 07:00:00
C-2522,DE-17514,paid,2025-02-06 07:00:00
C-2523,DE-13787,partner,2024-04-20 00:00:00
C-2524,DE-12456,organic,2024-01-27 15:00:00
C-2525,DE-17905,organic,2024-01-21 00:00:00
C-2526,DE-13746,,2024-07-01 08:00:00
C-2527,DE-14212,organic,2025-11-19 00:00:00
C-2528,DE-10477,paid,2024-09-25 16:00:00
C-2529,DE-19494,partner,2024-03-28 22:00:00
C-2530,DE-12065,paid,2024-01-28 06:00:00
C-2531,DE-15304,organic,2024-09-16 06:00:00
C-2532,DE-17043,,2025-05-31 21:00:00
C-2533,DE-16416,paid,2025-10-15 12:00:00
C-2534,DE-13554,partner,2026-03-28 10:00:00
C-2535,DE-18664,organic,2024-03-05 16:00:00
C-2536,DE-14885,organic,2025-10-22 07:00:00
C-2537,DE-18462,paid,2025-07-23 05:00:00
C-2538,DE-19839,,2024-11-17 16:00:00
C-2539,DE-14899,paid,2024-07-06 23:00:00
C-2540,DE-10956,organic,2025-04-29 17:00:00
C-2541,DE-16676,paid,2026-02-23 10:00:00
C-2542,DE-15626,organic,2024-10-20 20:00:00
C-2543,DE-12561,organic,2025-11-25 12:00:00
C-2544,DE-16539,paid,2026-02-18 09:00:00
C-2545,DE-15249,paid,2024-06-08 18:00:00
C-2546,DE-11900,partner,2026-03-20 17:00:00
C-2547,DE-16363,organic,2026-01-30 04:00:00
C-2548,DE-11679,paid,2024-03-09 15:00:00
C-2549,DE-17041,organic,2026-02-28 13:00:00
C-2550,DE-9999,paid,2024-06-04 18:00:00
C-2551,DE-12939,partner,2025-09-29 04:00:00
C-2552,DE-14030,paid,2025-05-14 11:00:00
C-2553,DE-12291,paid,2024-04-09 14:00:00
C-2554,DE-17420,partner,2026-03-10 19:00:00
C-2555,DE-19421,partner,2024-12-12 15:00:00
C-2556,DE-15084,organic,2025-12-28 12:00:00
C-2557,DE-18523,partner,2025-08-21 08:00:00
C-2558,DE-9999,partner,2025-11-24 15:00:00
C-2559,DE-13054,partner,2025-04-26 08:00:00
C-2560,DE-17064,organic,2025-08-29 16:00:00
C-2561,DE-17099,,2026-02-03 00:00:00
C-2562,DE-13877,paid,2025-02-06 21:00:00
C-2563,DE-15415,partner,2025-03-26 11:00:00
C-2564,DE-14209,partner,2025-03-05 04:00:00
C-2565,DE-16158,paid,2024-08-15 07:00:00
C-2566,DE-13696,organic,2025-07-22 23:00:00
C-2567,DE-10326,paid,2024-12-14 18:00:00
C-2568,DE-10785,paid,2025-04-20 22:00:00
C-2569,DE-17147,organic,2024-02-08 16:00:00
C-2570,DE-18197,paid,2025-02-06 06:00:00
C-2571,DE-14236,,2024-01-29 01:00:00
C-2572,DE-17842,paid,2024-03-24 01:00:00
C-2573,DE-10681,organic,2024-11-08 11:00:00
C-2574,DE-17425,organic,2024-12-01 12:00:00
C-2575,DE-9999,organic,2025-07-09 03:00:00
C-2576,DE-16761,organic,2024-11-05 19:00:00
C-2577,DE-9999,partner,2024-02-25 03:00:00
C-2578,DE-12096,paid,2025-02-21 03:00:00
C-2579,DE-14998,paid,2024-06-22 02:00:00
C-2580,DE-17785,,2026-02-04 15:00:00
C-2581,DE-18227,organic,2025-05-15 13:00:00
C-2582,DE-12936,organic,2024-07-07 12:00:00
C-2583,DE-16185,paid,2026-02-17 22:00:00
C-2584,DE-12501,organic,2024-09-12 07:00:00
C-2585,DE-19286,organic,2026-03-06 18:00:00
C-2586,DE-16128,partner,2024-09-14 18:00:00
C-2587,DE-18201,partner,2024-09-22 17:00:00
C-2588,DE-16954,paid,2025-10-24 07:00:00
C-2589,DE-18283,organic,2026-03-03 20:00:00
C-2590,DE-18009,partner,2025-04-05 07:00:00
C-2591,DE-10936,organic,2026-01-07 11:00:00
C-2592,DE-10555,organic,2026-02-13 08:00:00
C-2593,DE-19103,organic,2026-01-06 00:00:00
C-2594,DE-11032,paid,2024-06-24 11:00:00
C-2595,DE-19235,partner,2024-02-12 21:00:00
C-2596,DE-10098,paid,2025-07-31 02:00:00
C-2597,DE-9999,,2025-01-14 09:00:00
C-2598,DE-16170,,2024-10-25 02:00:00
C-2599,DE-11441,partner,2025-05-20 09:00:00
C-2600,DE-18270,partner,2024-08-10 03:00:00
C-2601,DE-14111,organic,2024-09-03 20:00:00
C-2602,DE-10440,,2025-12-04 07:00:00
C-2603,DE-16790,paid,2025-02-27 01:00:00
C-2604,DE-16957,paid,2025-03-14 00:00:00
C-2605,DE-14083,paid,2025-11-12 01:00:00
C-2606,DE-10056,partner,2024-02-11 16:00:00
C-2607,DE-13378,organic,2024-03-26 10:00:00
C-2608,DE-10566,partner,2025-08-30 11:00:00
C-2609,DE-10148,organic,2025-01-02 21:00:00
C-2610,DE-12608,paid,2025-03-18 09:00:00
C-2611,DE-19383,organic,2025-09-25 00:00:00
C-2612,DE-10265,partner,2025-11-12 03:00:00
C-2613,DE-16663,partner,2024-03-11 06:00:00
C-2614,DE-14593,organic,2024-11-23 14:00:00
C-2615,DE-11811,,2025-07-25 03:00:00
C-2616,DE-15202,paid,2025-03-08 03:00:00
C-2617,DE-19995,partner,2026-01-02 11:00:00
C-2618,DE-18673,partner,2025-12-11 00:00:00
C-2619,DE-12239,paid,2026-02-13 11:00:00
C-2620,DE-13723,partner,2024-02-18 15:00:00
C-2621,DE-13613,paid,2025-06-29 18:00:00
C-2622,DE-17314,partner,2024-11-06 00:00:00
C-2623,DE-19972,paid,2026-03-02 07:00:00
C-2624,DE-9999,partner,2025-09-04 05:00:00
C-2625,DE-13046,organic,2024-09-13 03:00:00
C-2626,DE-10714,organic,2024-04-02 07:00:00
C-2627,DE-18843,organic,2026-02-14 12:00:00
C-2628,DE-15371,partner,2025-05-05 01:00:00
C-2629,DE-9999,organic,2026-02-16 15:00:00
C-2630,DE-15565,paid,2024-05-13 21:00:00
C-2631,DE-11304,organic,2024-12-12 11:00:00
C-2632,DE-16774,paid,2025-04-19 04:00:00
C-2633,DE-16244,organic,2024-06-19 13:00:00
C-2634,DE-13495,organic,2026-03-07 15:00:00
C-2635,DE-13816,partner,2025-06-26 14:00:00
C-2636,DE-9999,partner,2025-05-29 11:00:00
C-2637,DE-17543,partner,2025-01-30 15:00:00
C-2638,DE-18242,partner,2025-07-01 17:00:00
C-2639,DE-14046,partner,2025-12-01 22:00:00
C-2640,DE-15169,partner,2025-01-14 17:00:00
C-2641,DE-19300,organic,2025-01-23 15:00:00
C-2642,DE-16714,partner,2025-11-21 18:00:00
C-2643,DE-10533,,2024-11-11 00:00:00
C-2644,DE-17170,organic,2024-06-27 14:00:00
C-2645,DE-15678,organic,2025-05-01 10:00:00
C-2646,DE-14183,organic,2025-12-06 17:00:00
C-2647,DE-18906,organic,2024-07-28 00:00:00
C-2648,DE-14698,partner,2025-12-29 21:00:00
C-2649,DE-12674,paid,2025-11-22 02:00:00
C-2650,DE-12473,paid,2025-07-25 20:00:00
C-2651,DE-15281,partner,2024-10-08 19:00:00
C-2652,DE-12706,partner,2025-05-09 20:00:00
C-2653,DE-19826,paid,2024-12-18 00:00:00
C-2654,DE-13199,paid,2026-01-14 21:00:00
C-2655,DE-18934,,2024-05-13 20:00:00
C-2656,DE-18875,organic,2024-12-22 06:00:00
C-2657,DE-13089,organic,2024-09-24 11:00:00
C-2658,DE-13515,paid,2025-06-15 02:00:00
C-2659,DE-11869,partner,2024-12-09 23:00:00
C-2660,DE-10408,partner,2024-08-21 16:00:00
C-2661,DE-11741,paid,2025-07-05 02:00:00
C-2662,DE-13937,partner,2025-07-30 07:00:00
C-2663,DE-14749,paid,2025-05-04 01:00:00
C-2664,DE-13140,paid,2025-04-12 04:00:00
C-2665,DE-10125,organic,2025-08-26 00:00:00
C-2666,DE-16775,organic,2024-06-14 04:00:00
C-2667,DE-16361,organic,2024-12-27 05:00:00
C-2668,DE-18323,partner,2025-07-05 00:00:00
C-2669,DE-17537,organic,2025-04-10 21:00:00
C-2670,DE-9999,organic,2025-07-27 05:00:00
C-2671,DE-15092,paid,2025-12-16 17:00:00
C-2672,DE-14693,paid,2025-03-26 08:00:00
C-2673,DE-13606,organic,2025-10-17 17:00:00
C-2674,DE-17702,paid,2024-04-14 23:00:00
C-2675,DE-10501,organic,2025-03-27 02:00:00
C-2676,DE-19116,,2025-03-18 18:00:00
C-2677,DE-17591,partner,2025-06-15 19:00:00
C-2678,DE-14274,organic,2025-02-09 23:00:00
C-2679,DE-19796,paid,2024-08-19 17:00:00
C-2680,DE-14666,organic,2026-02-07 06:00:00
C-2681,DE-14786,partner,2025-01-30 17:00:00
C-2682,DE-13377,partner,2024-03-28 22:00:00
C-2683,DE-18752,,2025-09-07 21:00:00
C-2684,DE-15023,paid,2025-12-17 15:00:00
C-2685,DE-15708,organic,2025-06-21 08:00:00
C-2686,DE-16560,paid,2026-01-23 13:00:00
C-2687,DE-13986,organic,2024-02-18 00:00:00
C-2688,DE-9999,paid,2025-09-20 04:00:00
C-2689,DE-19760,partner,2024-04-08 06:00:00
C-2690,DE-17165,partner,2025-09-14 23:00:00
C-2691,DE-10752,partner,2024-11-16 14:00:00
C-2692,DE-11089,paid,2025-05-31 12:00:00
C-2693,DE-10145,partner,2025-08-26 23:00:00
C-2694,DE-16688,,2025-03-29 06:00:00
C-2695,DE-16956,partner,2024-01-08 12:00:00
C-2696,DE-11881,partner,2025-12-24 23:00:00
C-2697,DE-10685,paid,2025-09-28 17:00:00
C-2698,DE-19830,,2025-04-20 21:00:00
C-2699,DE-18000,partner,2026-01-08 11:00:00
C-2700,DE-13885,partner,2026-04-04 19:00:00
C-2701,DE-13539,partner,2025-11-25 01:00:00
C-2702,DE-16412,paid,2024-04-02 06:00:00
C-2703,DE-11532,partner,2025-07-30 05:00:00
C-2704,DE-11770,partner,2025-01-15 22:00:00
C-2705,DE-17764,paid,2025-06-12 09:00:00
C-2706,DE-9999,paid,2025-09-16 03:00:00
C-2707,DE-19090,partner,2025-10-24 16:00:00
C-2708,DE-18492,partner,2025-01-12 00:00:00
C-2709,DE-13768,paid,2024-10-11 11:00:00
C-2710,DE-16380,paid,2024-11-28 23:00:00
C-2711,DE-15344,paid,2026-03-14 15:00:00
C-2712,DE-10863,organic,2024-07-15 22:00:00
C-2713,DE-9999,partner,2024-01-29 20:00:00
C-2714,DE-15046,organic,2025-11-23 20:00:00
C-2715,DE-10531,,2025-11-13 21:00:00
C-2716,DE-9999,organic,2025-04-01 07:00:00
C-2717,DE-14430,organic,2025-11-08 12:00:00
C-2718,DE-19240,organic,2025-02-11 22:00:00
C-2719,DE-11513,partner,2025-04-29 04:00:00
C-2720,DE-10810,paid,2025-08-12 17:00:00
C-2721,DE-19898,paid,2024-03-21 13:00:00
C-2722,DE-19117,organic,2026-01-04 00:00:00
C-2723,DE-10496,organic,2025-12-23 18:00:00
C-2724,DE-15259,,2024-05-12 13:00:00
C-2725,DE-15793,partner,2025-04-14 12:00:00
C-2726,DE-10459,paid,2025-04-07 10:00:00
C-2727,DE-16258,organic,2024-03-12 15:00:00
C-2728,DE-16150,,2024-11-29 07:00:00
C-2729,DE-17693,paid,2026-03-01 17:00:00
C-2730,DE-9999,organic,2024-02-11 14:00:00
C-2731,DE-18409,partner,2025-03-28 16:00:00
C-2732,DE-18704,partner,2024-04-23 10:00:00
C-2733,DE-19848,organic,2025-05-15 06:00:00
C-2734,DE-13304,,2024-10-22 11:00:00
C-2735,DE-12064,organic,2025-09-12 15:00:00
C-2736,DE-10157,organic,2024-05-05 17:00:00
C-2737,DE-17725,organic,2025-07-22 15:00:00
C-2738,DE-19576,organic,2025-06-02 06:00:00
C-2739,DE-18580,partner,2024-05-17 00:00:00
C-2740,DE-16456,organic,2026-02-26 03:00:00
C-2741,DE-15683,partner,2025-05-11 15:00:00
C-2742,DE-14578,paid,2025-03-23 00:00:00
C-2743,DE-10913,paid,2025-09-15 08:00:00
C-2744,DE-11009,organic,2026-02-21 23:00:00
C-2745,DE-15234,organic,2024-12-15 00:00:00
C-2746,DE-11242,paid,2024-11-25 20:00:00
C-2747,DE-12911,organic,2025-09-23 18:00:00
C-2748,DE-15759,organic,2025-06-15 04:00:00
C-2749,DE-13833,paid,2024-06-17 07:00:00
C-2750,DE-9999,partner,2024-11-06 08:00:00
C-2751,DE-17520,partner,2025-10-02 08:00:00
C-2752,DE-13838,organic,2025-01-06 17:00:00
C-2753,DE-16929,organic,2025-10-19 21:00:00
C-2754,DE-13960,partner,2024-03-04 22:00:00
C-2755,DE-11877,organic,2025-12-18 08:00:00
C-2756,DE-12550,paid,2024-05-20 20:00:00
C-2757,DE-14183,organic,2025-11-18 17:00:00
C-2758,DE-18472,paid,2025-12-16 03:00:00
C-2759,DE-9999,partner,2024-09-17 23:00:00
C-2760,DE-9999,partner,2025-12-26 15:00:00
C-2761,DE-18561,organic,2025-12-04 20:00:00
C-2762,DE-17062,paid,2025-08-06 21:00:00
C-2763,DE-16851,partner,2025-11-25 19:00:00
C-2764,DE-12794,,2024-12-10 19:00:00
C-2765,DE-11608,organic,2025-11-13 12:00:00
C-2766,DE-12117,partner,2024-12-03 05:00:00
C-2767,DE-18927,organic,2024-05-12 09:00:00
C-2768,DE-9999,paid,2024-10-09 01:00:00
C-2769,DE-14109,organic,2025-04-26 04:00:00
C-2770,DE-17193,paid,2025-04-04 00:00:00
C-2771,DE-13438,paid,2024-07-22 11:00:00
C-2772,DE-17994,paid,2024-11-13 11:00:00
C-2773,DE-18557,organic,2025-06-25 23:00:00
C-2774,DE-11578,organic,2024-03-12 07:00:00
C-2775,DE-14024,paid,2025-04-27 00:00:00
C-2776,DE-9999,partner,2025-07-20 20:00:00
C-2777,DE-17361,,2024-05-29 17:00:00
C-2778,DE-18744,paid,2026-03-17 03:00:00
C-2779,DE-19275,partner,2026-02-27 06:00:00
C-2780,DE-15518,organic,2025-08-03 07:00:00
C-2781,DE-15600,paid,2026-01-08 03:00:00
C-2782,DE-19739,partner,2024-05-08 01:00:00
C-2783,DE-13482,partner,2025-09-13 19:00:00
C-2784,DE-13071,paid,2024-05-04 03:00:00
C-2785,DE-16538,partner,2024-05-03 10:00:00
C-2786,DE-18187,paid,2026-03-13 03:00:00
C-2787,DE-11833,partner,2024-10-17 10:00:00
C-2788,DE-19116,paid,2025-03-02 18:00:00
C-2789,DE-17350,organic,2024-09-07 13:00:00
C-2790,DE-15651,paid,2025-10-12 01:00:00
C-2791,DE-19058,partner,2025-03-05 21:00:00
C-2792,DE-17846,paid,2024-09-17 09:00:00
C-2793,DE-14444,partner,2025-03-26 08:00:00
C-2794,DE-17144,partner,2025-08-08 09:00:00
C-2795,DE-11128,organic,2026-02-07 16:00:00
C-2796,DE-10675,paid,2025-07-26 19:00:00
C-2797,DE-13932,partner,2024-08-02 02:00:00
C-2798,DE-14151,paid,2025-05-31 08:00:00
C-2799,DE-19060,organic,2024-11-15 06:00:00
C-2800,DE-14352,organic,2024-02-12 08:00:00
C-2801,DE-16374,organic,2024-03-05 12:00:00
C-2802,DE-14568,,2025-12-11 06:00:00
C-2803,DE-16949,paid,2025-12-04 15:00:00
C-2804,DE-15775,paid,2026-03-30 20:00:00
C-2805,DE-12570,organic,2024-11-09 02:00:00
C-2806,DE-19220,paid,2024-09-10 07:00:00
C-2807,DE-11309,paid,2026-02-27 20:00:00
C-2808,DE-17385,paid,2025-05-09 21:00:00
C-2809,DE-9999,partner,2024-10-13 04:00:00
C-2810,DE-14951,paid,2025-09-20 02:00:00
C-2811,DE-9999,paid,2026-02-17 04:00:00
C-2812,DE-18371,organic,2025-12-13 11:00:00
C-2813,DE-15336,partner,2024-11-30 13:00:00
C-2814,DE-15683,,2025-05-10 15:00:00
C-2815,DE-12795,paid,2025-05-20 20:00:00
C-2816,DE-11706,partner,2025-12-09 20:00:00
C-2817,DE-16082,partner,2026-02-18 10:00:00
C-2818,DE-13863,partner,2025-03-28 04:00:00
C-2819,DE-15043,paid,2025-12-08 22:00:00
C-2820,DE-16697,paid,2025-05-22 21:00:00
C-2821,DE-18400,partner,2024-06-16 20:00:00
C-2822,DE-19977,partner,2026-01-24 04:00:00
C-2823,DE-11068,partner,2025-02-19 00:00:00
C-2824,DE-13344,partner,2025-06-27 01:00:00
C-2825,DE-12509,partner,2025-06-24 22:00:00
C-2826,DE-17531,organic,2025-01-16 03:00:00
C-2827,DE-10637,partner,2025-02-10 11:00:00
C-2828,DE-15026,paid,2025-11-08 06:00:00
C-2829,DE-14655,paid,2024-06-21 23:00:00
C-2830,DE-16720,organic,2025-05-30 08:00:00
C-2831,DE-19517,partner,2024-03-17 11:00:00
C-2832,DE-15141,paid,2025-04-20 05:00:00
C-2833,DE-16461,partner,2024-08-25 19:00:00
C-2834,DE-14165,paid,2024-03-05 20:00:00
C-2835,DE-18023,partner,2024-06-01 18:00:00
C-2836,DE-13903,partner,2026-01-16 12:00:00
C-2837,DE-16918,partner,2025-04-26 08:00:00
C-2838,DE-19942,paid,2025-06-23 12:00:00
C-2839,DE-18124,organic,2025-11-30 04:00:00
C-2840,DE-19866,paid,2025-08-14 12:00:00
C-2841,DE-19446,organic,2024-01-22 08:00:00
C-2842,DE-10815,paid,2025-04-07 13:00:00
C-2843,DE-17599,organic,2024-11-27 12:00:00
C-2844,DE-18856,organic,2025-07-28 00:00:00
C-2845,DE-14690,organic,2024-12-29 20:00:00
C-2846,DE-14275,partner,2025-08-24 11:00:00
C-2847,DE-11092,organic,2025-06-12 11:00:00
C-2848,DE-10425,paid,2024-10-02 19:00:00
C-2849,DE-14386,,2024-11-22 23:00:00
C-2850,DE-18050,paid,2025-05-18 05:00:00
C-2851,DE-11394,,2026-02-04 02:00:00
C-2852,DE-14089,paid,2026-02-15 13:00:00
C-2853,DE-18748,partner,2024-11-02 01:00:00
C-2854,DE-11882,paid,2024-01-14 18:00:00
C-2855,DE-14212,partner,2025-11-23 00:00:00
C-2856,DE-16034,,2024-02-03 12:00:00
C-2857,DE-13783,paid,2026-01-19 19:00:00
C-2858,DE-19830,organic,2025-04-26 21:00:00
C-2859,DE-10401,organic,2025-06-06 11:00:00
C-2860,DE-15188,partner,2025-03-08 18:00:00
C-2861,DE-10462,partner,2026-03-31 10:00:00
C-2862,DE-13351,paid,2025-03-08 20:00:00
C-2863,DE-14060,organic,2025-10-17 00:00:00
C-2864,DE-16096,partner,2024-02-24 13:00:00
C-2865,DE-15904,partner,2024-02-02 01:00:00
C-2866,DE-14634,partner,2025-08-16 08:00:00
C-2867,DE-18039,paid,2025-10-16 20:00:00
C-2868,DE-15867,partner,2024-09-29 08:00:00
C-2869,DE-15777,paid,2026-03-15 11:00:00
C-2870,DE-17276,paid,2025-06-12 11:00:00
C-2871,DE-10270,organic,2025-01-26 17:00:00
C-2872,DE-11675,partner,2025-10-19 19:00:00
C-2873,DE-17522,paid,2024-07-21 18:00:00
C-2874,DE-19415,partner,2025-12-29 19:00:00
C-2875,DE-17055,partner,2026-01-25 13:00:00
C-2876,DE-13737,organic,2024-08-05 01:00:00
C-2877,DE-10636,organic,2026-01-04 04:00:00
C-2878,DE-17826,organic,2025-07-09 15:00:00
C-2879,DE-14061,paid,2025-04-21 17:00:00
C-2880,DE-13803,organic,2025-01-01 20:00:00
C-2881,DE-18184,paid,2025-11-16 17:00:00
C-2882,DE-15800,organic,2025-10-13 11:00:00
C-2883,DE-14824,organic,2026-02-17 17:00:00
C-2884,DE-16708,organic,2025-12-29 14:00:00
C-2885,DE-10622,partner,2026-03-16 14:00:00
C-2886,DE-17258,paid,2025-09-24 20:00:00
C-2887,DE-17506,organic,2024-11-09 12:00:00
C-2888,DE-17709,organic,2024-02-26 09:00:00
C-2889,DE-15016,paid,2024-06-13 06:00:00
C-2890,DE-11758,paid,2024-04-04 10:00:00
C-2891,DE-13898,organic,2024-03-24 00:00:00
C-2892,DE-12068,partner,2025-05-21 02:00:00
C-2893,DE-12364,paid,2025-11-18 12:00:00
C-2894,DE-9999,partner,2025-01-15 21:00:00
C-2895,DE-11791,organic,2024-04-07 06:00:00
C-2896,DE-18020,organic,2025-03-20 02:00:00
C-2897,DE-14061,partner,2025-04-22 17:00:00
C-2898,DE-18959,paid,2025-02-25 13:00:00
C-2899,DE-17771,paid,2024-08-28 17:00:00
C-2900,DE-18969,partner,2026-03-23 08:00:00
C-2901,DE-19513,organic,2026-03-14 01:00:00
C-2902,DE-16876,paid,2024-11-29 06:00:00
C-2903,DE-14946,partner,2025-10-20 15:00:00
C-2904,DE-15014,paid,2024-04-13 16:00:00
C-2905,DE-14374,organic,2024-11-22 03:00:00
C-2906,DE-10658,paid,2026-03-14 08:00:00
C-2907,DE-18558,organic,2025-06-25 14:00:00
C-2908,DE-12229,partner,2025-01-20 05:00:00
C-2909,DE-18205,partner,2025-08-23 07:00:00
C-2910,DE-13989,organic,2026-02-06 04:00:00
C-2911,DE-17450,,2025-08-16 07:00:00
C-2912,DE-9999,partner,2024-08-01 05:00:00
C-2913,DE-17448,organic,2024-12-18 05:00:00
C-2914,DE-18959,partner,2025-02-26 13:00:00
C-2915,DE-9999,partner,2026-02-06 20:00:00
C-2916,DE-17356,paid,2024-11-15 20:00:00
C-2917,DE-12753,paid,2024-11-21 13:00:00
C-2918,DE-12203,paid,2024-07-25 04:00:00
C-2919,DE-17302,,2024-03-11 17:00:00
C-2920,DE-13016,organic,2025-02-16 18:00:00
C-2921,DE-13724,organic,2024-05-26 11:00:00
C-2922,DE-9999,paid,2025-09-09 10:00:00
C-2923,DE-12950,organic,2024-01-25 11:00:00
C-2924,DE-13962,partner,2024-09-19 00:00:00
C-2925,DE-19738,partner,2026-02-22 14:00:00
C-2926,DE-19123,partner,2025-08-16 11:00:00
C-2927,DE-16384,paid,2026-01-27 12:00:00
C-2928,DE-18517,paid,2025-05-26 22:00:00
C-2929,DE-14946,paid,2025-10-21 15:00:00
C-2930,DE-13909,paid,2024-04-06 00:00:00
C-2931,DE-19291,partner,2024-05-08 05:00:00
C-2932,DE-19344,organic,2025-09-23 04:00:00
C-2933,DE-19156,organic,2025-10-29 20:00:00
C-2934,DE-10913,partner,2025-08-29 08:00:00
C-2935,DE-18353,organic,2024-11-07 14:00:00
C-2936,DE-16455,organic,2025-03-08 04:00:00
C-2937,DE-14659,,2024-01-26 16:00:00
C-2938,DE-18236,organic,2025-09-08 22:00:00
C-2939,DE-14290,partner,2025-09-01 03:00:00
C-2940,DE-10235,paid,2024-02-21 02:00:00
C-2941,DE-13036,partner,2025-11-06 12:00:00
C-2942,DE-11652,partner,2026-03-01 16:00:00
C-2943,DE-9999,paid,2025-06-27 06:00:00
C-2944,DE-10427,,2025-01-03 10:00:00
C-2945,DE-13090,partner,2025-05-11 11:00:00
C-2946,DE-16472,paid,2024-05-21 17:00:00
C-2947,DE-14380,partner,2026-02-07 09:00:00
C-2948,DE-14420,organic,2024-10-07 03:00:00
C-2949,DE-10819,partner,2025-05-17 02:00:00
C-2950,DE-16615,organic,2024-04-25 17:00:00
C-2951,DE-18018,organic,2024-06-11 09:00:00
C-2952,DE-19597,paid,2024-02-09 11:00:00
C-2953,DE-11659,organic,2025-08-07 03:00:00
C-2954,DE-13487,paid,2025-10-16 00:00:00
C-2955,DE-18620,organic,2025-05-01 06:00:00
C-2956,DE-17983,partner,2025-01-12 16:00:00
C-2957,DE-12617,paid,2025-05-05 06:00:00
C-2958,DE-19425,paid,2024-02-17 03:00:00
C-2959,DE-15476,partner,2025-06-19 18:00:00
C-2960,DE-17895,organic,2025-10-07 11:00:00
C-2961,DE-10099,organic,2025-03-16 16:00:00
C-2962,DE-17065,partner,2024-05-31 09:00:00
C-2963,DE-9999,partner,2024-05-31 12:00:00
C-2964,DE-10903,partner,2024-10-25 22:00:00
C-2965,DE-12839,paid,2024-06-09 10:00:00
C-2966,DE-18450,organic,2024-09-27 09:00:00
C-2967,DE-19203,organic,2025-07-25 06:00:00
C-2968,DE-16965,paid,2024-09-27 20:00:00
C-2969,DE-13635,,2025-01-09 02:00:00
C-2970,DE-14037,partner,2026-03-07 12:00:00
C-2971,DE-19846,organic,2024-02-04 03:00:00
C-2972,DE-14061,partner,2025-04-24 17:00:00
C-2973,DE-11995,paid,2024-10-25 19:00:00
C-2974,DE-18305,,2025-12-14 21:00:00
C-2975,DE-19868,organic,2025-10-09 09:00:00
C-2976,DE-12714,organic,2025-10-27 23:00:00
C-2977,DE-17787,partner,2025-10-26 18:00:00
C-2978,DE-12444,paid,2024-03-23 00:00:00
C-2979,DE-10515,organic,2024-08-21 19:00:00
C-2980,DE-13240,paid,2024-06-02 21:00:00
C-2981,DE-13071,paid,2024-05-14 03:00:00
C-2982,DE-14748,paid,2024-03-21 09:00:00
C-2983,DE-9999,paid,2024-01-13 18:00:00
C-2984,DE-12151,,2025-01-03 13:00:00
C-2985,DE-15838,partner,2025-07-31 16:00:00
C-2986,DE-16560,organic,2026-02-02 13:00:00
C-2987,DE-15381,partner,2024-03-14 16:00:00
C-2988,DE-12748,paid,2025-09-24 06:00:00
C-2989,DE-9999,paid,2024-06-09 21:00:00
C-2990,DE-17302,paid,2024-03-11 17:00:00
C-2991,DE-14350,organic,2025-11-17 14:00:00
C-2992,DE-10223,paid,2025-10-19 02:00:00
C-2993,DE-19943,paid,2024-12-10 19:00:00
C-2994,DE-15190,partner,2025-09-22 01:00:00
C-2995,DE-10432,organic,2026-01-30 13:00:00
C-2996,DE-11318,partner,2026-02-03 06:00:00
C-2997,DE-17174,organic,2025-07-13 20:00:00
C-2998,DE-10861,organic,2024-09-30 19:00:00
C-2999,DE-10908,organic,2025-03-20 03:00:00
C-3000,DE-17317,partner,2024-12-23 01:00:00
C-2467,DE-10170,paid,2024-12-16 20:00:00
C-2899,DE-17771,paid,2024-08-28 17:00:00
C-2858,DE-19830,organic,2025-04-26 21:00:00
